{"AH": {"individual model": 1.322058359423634, "overall model": 1.99033937794171}, "LEED": {"individual model": 5.0720451693019815, "overall model": 5.629359017626282}, "MY1": {"individual model": 14.560865214816305, "overall model": 14.527841057217286}, "BIRR": {"individual model": 5.094089224434585, "overall model": 5.457548524296438}, "KC1": {"individual model": 4.8563029440837395, "overall model": 5.343859797364427}, "BRS8": {"individual model": 4.705269983650655, "overall model": 5.165113624618928}}