{"AH": {"individual model": 0.2883554155885612, "overall model": 1.2601859814703409}, "MY1": {"individual model": 35.75153264169043, "overall model": 35.973607443875125}, "BRS8": {"individual model": 14.179464861387217, "overall model": 15.111860779275384}, "BIRR": {"individual model": 15.191006052932378, "overall model": 15.613829688564698}, "KC1": {"individual model": 9.89665262079686, "overall model": 10.945869445879707}, "LEED": {"individual model": 9.61400385382394, "overall model": 10.715277818908907}}