{"AH": {"individual model": 1.5098224210447155, "overall model": 3.5873215543931445}, "KC1": {"individual model": 19.27002681151194, "overall model": 21.210762901980033}, "BRS8": {"individual model": 23.555417957730565, "overall model": 24.695829904505583}, "LEED": {"individual model": 17.818787438011324, "overall model": 20.15334401076887}, "MY1": {"individual model": 67.60697322976031, "overall model": 66.3228256386121}, "BIRR": {"individual model": 25.5658226680168, "overall model": 26.34033450913473}}