{"KC1": {"individual model": 4.66126004046651, "overall model": 4.691751079522221}, "BRS8": {"individual model": 5.339974129803403, "overall model": 5.599931369631133}, "LEED": {"individual model": 5.040323738677141, "overall model": 5.401286687575456}, "MY1": {"individual model": 5.980052806348746, "overall model": 5.8930560879960705}, "BIRR": {"individual model": 5.178575689551213, "overall model": 5.640328582375959}}