{"LEED": {"individual model": 3.8163983105746517, "overall model": 4.005992082524234}, "MY1": {"individual model": 4.381480838317853, "overall model": 4.1685516170273855}, "KC1": {"individual model": 3.6809481156031296, "overall model": 3.471981456351793}, "BRS8": {"individual model": 4.16313862362557, "overall model": 4.224959869679574}, "BIRR": {"individual model": 3.1900119324872205, "overall model": 3.484207506574675}}