{"BRS8": {"individual model": 7.194131290630912, "overall model": 8.19031519998899}, "LEED": {"individual model": 6.925778580922007, "overall model": 7.803803980608433}, "ABD7": {"individual model": 10.510562128326486, "overall model": 11.67762501475238}, "AH": {"individual model": 1.9137076301238842, "overall model": 3.2440684188223194}, "SCN2": {"individual model": 5.983754825973731, "overall model": 7.230706848790159}, "LED6": {"individual model": 8.363177994203676, "overall model": 8.976075831201838}, "YK11": {"individual model": 6.134767902506921, "overall model": 7.206795194411539}, "MY1": {"individual model": 15.17521796135205, "overall model": 15.495007769711497}, "KC1": {"individual model": 6.604858174766605, "overall model": 7.598236969653435}, "BIRR": {"individual model": 6.37058515917182, "overall model": 7.4688718500873374}}