{"YK11": {"individual model": 11.447532719229107, "overall model": 12.765014696577417}, "LED6": {"individual model": 14.928241040045023, "overall model": 15.769225147813005}, "AH": {"individual model": 0.37864577570540303, "overall model": 2.119549209189753}, "MY1": {"individual model": 36.62867417196521, "overall model": 37.487446998859035}, "LEED": {"individual model": 11.383208321541897, "overall model": 11.925699250070295}, "KC1": {"individual model": 11.745999125829584, "overall model": 12.484778653405902}, "ABD7": {"individual model": 21.277259452871856, "overall model": 23.02789399367651}, "SCN2": {"individual model": 6.180905482723735, "overall model": 6.946179600758285}, "BIRR": {"individual model": 17.32790671867441, "overall model": 17.868343771977973}, "BRS8": {"individual model": 15.671890004780785, "overall model": 17.055731281559215}}