{"BIRR": {"individual model": 27.87215913498289, "overall model": 29.744254124605845}, "LED6": {"individual model": 28.029532786198654, "overall model": 30.266268745684208}, "LEED": {"individual model": 21.669584698309208, "overall model": 23.998364155249302}, "MY1": {"individual model": 67.03515108160309, "overall model": 68.13514648124051}, "YK11": {"individual model": 21.079663227203824, "overall model": 23.933870107177142}, "BRS8": {"individual model": 28.957164689351263, "overall model": 31.97607549082755}, "SCN2": {"individual model": 13.354827668866736, "overall model": 15.686289387058082}, "ABD7": {"individual model": 40.135458562231236, "overall model": 43.701537855992946}, "KC1": {"individual model": 21.408671982040527, "overall model": 23.627645797356646}, "AH": {"individual model": 2.0779065980848177, "overall model": 5.273647018139064}}