{"LEED": {"individual model": 7.812933268612653, "overall model": 8.31068870849381}, "AH": {"individual model": 6.072382986414356, "overall model": 6.882122377874502}, "KC1": {"individual model": 7.7530180887726665, "overall model": 7.915831788233694}, "MY1": {"individual model": 5.287965395583038, "overall model": 5.660145962020413}, "BRS8": {"individual model": 8.190997143956634, "overall model": 8.50057007325414}, "BIRR": {"individual model": 6.7280877945161635, "overall model": 7.107144880188625}}