{"YK11": {"individual model": 6.169204381812913, "overall model": 6.202412978075679}, "LED6": {"individual model": 7.487505512871904, "overall model": 7.023579326043736}, "LEED": {"individual model": 5.809376652703932, "overall model": 5.339697304065948}, "BRS8": {"individual model": 5.292076026129323, "overall model": 5.726684416584353}, "KC1": {"individual model": 4.606542415353555, "overall model": 4.7169052039366735}, "MY1": {"individual model": 6.017956629177097, "overall model": 6.091853972833551}, "SCN2": {"individual model": 7.969544851220038, "overall model": 7.876204193790322}, "BIRR": {"individual model": 4.884515080881352, "overall model": 5.157919998624958}}