{"LEED": {"individual model": 4.107431326548552, "overall model": 3.558654498103172}, "LED6": {"individual model": 4.344861130941567, "overall model": 3.72543294218024}, "MY1": {"individual model": 4.340012609215599, "overall model": 4.189877479468049}, "BRS8": {"individual model": 4.364830583279643, "overall model": 4.534562589798019}, "YK11": {"individual model": 4.047624449426025, "overall model": 4.209702311784932}, "BIRR": {"individual model": 3.2376845418553604, "overall model": 3.5813564960096036}, "KC1": {"individual model": 3.755501472793099, "overall model": 3.4862940008425163}}