{"AH": {"ws": 2.6, "wd": 230.0, "temp": 9.8, "RH": 85.67794872, "ssr": 14308.99223, "tp": 3.81e-06, "blh": 602.4460512, "tcc": 0.9153479925, "sp": 98641.08156, "ap_lat": 52.50385, "ap_long": -3.034178, "met_lat": 52.243055556, "met_long": -2.885833333, "date_unix": 1463626800.0, "year": 2016.0, "o3": 65.00993}, "BIRR": {"ws": 3.35, "wd": 205.6112855, "temp": 10.0, "RH": 84.82595147, "ssr": 5389.765736, "tp": 7.95e-07, "blh": 564.982616, "tcc": 0.880647918, "sp": 100470.87265, "ap_lat": 52.47614, "ap_long": -1.874978, "met_lat": 52.453889, "met_long": -1.748056, "date_unix": 1552660200.0, "year": 2019.0, "o3": 35.22411}, "BRS8": {"ws": 4.6, "wd": 210.0, "temp": 10.0, "RH": 87.42892162, "ssr": 12058.71976, "tp": 1.33e-06, "blh": 574.5960874, "tcc": 0.857522164, "sp": 100612.1525, "ap_lat": 51.462839, "ap_long": -2.584482, "met_lat": 51.382778, "met_long": -2.719167, "date_unix": 1463986800.0, "year": 2016.0, "o3": 47.25426}, "LEED": {"ws": 4.35, "wd": 232.2249199, "temp": 9.0, "RH": 87.42892162, "ssr": 21380.91923, "tp": 2.93e-06, "blh": 604.58397505, "tcc": 0.8768711945000001, "sp": 99707.386225, "ap_lat": 53.80378, "ap_long": -1.546472, "met_lat": 53.611666667, "met_long": -1.666944444, "date_unix": 1457308800.0, "year": 2016.0, "o3": 40.0}, "MY1": {"ws": 3.766666667, "wd": 216.6362726, "temp": 11.53333333, "RH": 80.01864083000001, "ssr": 13658.89, "tp": 3.3e-07, "blh": 572.4919917, "tcc": 0.848213877, "sp": 100808.9, "ap_lat": 51.52253, "ap_long": -0.154611, "met_lat": 51.479166667, "met_long": -0.450555556, "date_unix": 1466456400.0, "year": 2016.0, "o3": 13.9699}, "KC1": {"ws": 3.766666667, "wd": 216.5852552, "temp": 11.53333333, "RH": 80.03109655, "ssr": 13229.73, "tp": 3.3e-07, "blh": 571.7759674, "tcc": 0.8485954, "sp": 100805.6, "ap_lat": 51.52105, "ap_long": -0.213492, "met_lat": 51.479166667, "met_long": -0.450555556, "date_unix": 1468393200.0, "year": 2016.0, "o3": 44.0}}