{"ABD7": {"ws": 5.1, "wd": 228.6, "temp": 8.866666667, "RH": 82.907533365, "ssr": 13668.76267, "tp": 4.19e-06, "blh": 574.472486, "tcc": 0.824454855, "sp": 100229.6375, "ap_lat": 57.14455, "ap_long": -2.106472, "met_lat": 57.205, "met_long": -2.205277778, "date_unix": 1471608000.0, "year": 2016.0}, "AH": {"ws": 2.6, "wd": 230.0, "temp": 9.8, "RH": 85.67794872, "ssr": 14373.67981, "tp": 3.81e-06, "blh": 602.3384268, "tcc": 0.915355622, "sp": 98640.9753, "ap_lat": 52.50385, "ap_long": -3.034178, "met_lat": 52.243055556, "met_long": -2.885833333, "date_unix": 1463671800.0, "year": 2016.0}, "BIRR": {"ws": 3.35, "wd": 205.6112855, "temp": 10.0, "RH": 84.82595147, "ssr": 5393.225527500001, "tp": 7.95e-07, "blh": 564.982616, "tcc": 0.8806097690000001, "sp": 100470.85514999999, "ap_lat": 52.47614, "ap_long": -1.874978, "met_lat": 52.453889, "met_long": -1.748056, "date_unix": 1552663800.0, "year": 2019.0}, "BRS8": {"ws": 4.6, "wd": 210.0, "temp": 10.0, "RH": 87.42892162, "ssr": 12137.53492, "tp": 1.33e-06, "blh": 574.55414, "tcc": 0.8574077185, "sp": 100612.447, "ap_lat": 51.462839, "ap_long": -2.584482, "met_lat": 51.382778, "met_long": -2.719167, "date_unix": 1463947200.0, "year": 2016.0}, "LEED": {"ws": 4.35, "wd": 232.2249199, "temp": 9.0, "RH": 87.42892162, "ssr": 21380.91923, "tp": 2.93e-06, "blh": 604.58397505, "tcc": 0.8768711945000001, "sp": 99707.386225, "ap_lat": 53.80378, "ap_long": -1.546472, "met_lat": 53.611666667, "met_long": -1.666944444, "date_unix": 1457308800.0, "year": 2016.0}, "LED6": {"ws": 4.35, "wd": 233.6535499, "temp": 9.0, "RH": 87.42892162, "ssr": 21187.56327, "tp": 3.01e-06, "blh": 604.2512283, "tcc": 0.876001404, "sp": 99697.46142, "ap_lat": 53.81997, "ap_long": -1.576361, "met_lat": 53.611666667, "met_long": -1.666944444, "date_unix": 1453883400.0, "year": 2016.0}, "MY1": {"ws": 3.766666667, "wd": 216.6362726, "temp": 11.53333333, "RH": 80.01864083000001, "ssr": 13658.89, "tp": 3.3e-07, "blh": 572.4919917, "tcc": 0.848213877, "sp": 100808.9, "ap_lat": 51.52253, "ap_long": -0.154611, "met_lat": 51.479166667, "met_long": -0.450555556, "date_unix": 1466456400.0, "year": 2016.0}, "KC1": {"ws": 3.766666667, "wd": 216.5852552, "temp": 11.53333333, "RH": 80.03084945, "ssr": 13238.7, "tp": 3.3e-07, "blh": 571.7801337000001, "tcc": 0.8485954, "sp": 100805.65, "ap_lat": 51.52105, "ap_long": -0.213492, "met_lat": 51.479166667, "met_long": -0.450555556, "date_unix": 1468395000.0, "year": 2016.0}, "SCN2": {"ws": 4.6, "wd": 205.6961784, "temp": 10.5, "RH": 86.87283314, "ssr": 17217.285405000002, "tp": 3.79e-07, "blh": 582.0180254, "tcc": 0.850991104, "sp": 101267.5503, "ap_lat": 53.58634, "ap_long": -0.636811, "met_lat": 53.306944444, "met_long": -0.548055556, "date_unix": 1469748600.0, "year": 2016.0}, "YK11": {"ws": 3.6, "wd": 219.1043265, "temp": 10.0, "RH": 82.0358637, "ssr": 16074.37474, "tp": 9.88e-07, "blh": 584.8309149500001, "tcc": 0.8404544275, "sp": 101061.65890000001, "ap_lat": 53.95189, "ap_long": -1.075861, "met_lat": 54.043590989, "met_long": -1.250316066, "date_unix": 1460599200.0, "year": 2016.0}}