{"AH": {"ws": 2.6, "wd": 230.0, "temp": 9.8, "RH": 85.73075425, "ssr": 11715.92019, "tp": 3.94e-06, "blh": 603.3979061, "tcc": 0.91424168, "sp": 98625.64772, "ap_lat": 52.50385, "ap_long": -3.034178, "met_lat": 52.243055556, "met_long": -2.885833333, "date_unix": 1463772600.0, "year": 2016.0}, "BIRR": {"ws": 3.35, "wd": 206.1221098, "temp": 10.0, "RH": 84.55402563, "ssr": 9060.128637, "tp": 7.6e-07, "blh": 570.3559305, "tcc": 0.875619917, "sp": 100473.4464, "ap_lat": 52.47614, "ap_long": -1.874978, "met_lat": 52.453889, "met_long": -1.748056, "date_unix": 1557176400.0, "year": 2019.0}, "BRS8": {"ws": 4.6, "wd": 210.0, "temp": 10.0, "RH": 87.38422578, "ssr": 12912.4442, "tp": 1.31e-06, "blh": 575.8734983, "tcc": 0.856270886, "sp": 100614.4149, "ap_lat": 51.462839, "ap_long": -2.584482, "met_lat": 51.382778, "met_long": -2.719167, "date_unix": 1462996800.0, "year": 2016.0}, "LEED": {"ws": 4.35, "wd": 232.0914464, "temp": 9.0, "RH": 87.42892162, "ssr": 22053.870805, "tp": 3.01e-06, "blh": 604.8563054, "tcc": 0.8784887, "sp": 99708.46229, "ap_lat": 53.80378, "ap_long": -1.546472, "met_lat": 53.611666667, "met_long": -1.666944444, "date_unix": 1457213400.0, "year": 2016.0}, "MY1": {"ws": 3.766666667, "wd": 216.6704369, "temp": 11.33333333, "RH": 79.91752984, "ssr": 14829.335, "tp": 3.39e-07, "blh": 575.62085, "tcc": 0.8493430895, "sp": 100806.8, "ap_lat": 51.52253, "ap_long": -0.154611, "met_lat": 51.479166667, "met_long": -0.450555556, "date_unix": 1472675400.0, "year": 2016.0}, "KC1": {"ws": 3.766666667, "wd": 216.615518, "temp": 11.7, "RH": 79.794309655, "ssr": 15897.2, "tp": 3.16e-07, "blh": 575.439, "tcc": 0.8454214, "sp": 100807.6, "ap_lat": 51.52105, "ap_long": -0.213492, "met_lat": 51.479166667, "met_long": -0.450555556, "date_unix": 1466442000.0, "year": 2016.0}}