{"BIRR": {"ws": 3.35, "wd": 205.6112855, "temp": 10.0, "RH": 84.50932979, "ssr": 10095.75522, "tp": 7.95e-07, "blh": 567.2134219, "tcc": 0.872690095, "sp": 100468.7169, "ap_lat": 52.47614, "ap_long": -1.874978, "met_lat": 52.453889, "met_long": -1.748056, "date_unix": 1559822400.0, "year": 2019.0, "o3": 35.45694}, "BRS8": {"ws": 4.6, "wd": 210.0, "temp": 10.0, "RH": 87.34017017, "ssr": 13560.398185, "tp": 1.26e-06, "blh": 572.5173777, "tcc": 0.854897533, "sp": 100620.3102, "ap_lat": 51.462839, "ap_long": -2.584482, "met_lat": 51.382778, "met_long": -2.719167, "date_unix": 1470378600.0, "year": 2016.0, "o3": 47.70297}, "LEED": {"ws": 4.15, "wd": 231.64898, "temp": 9.0, "RH": 87.51706178, "ssr": 19380.12147, "tp": 2.93e-06, "blh": 601.2184997, "tcc": 0.880701326, "sp": 99707.70361, "ap_lat": 53.80378, "ap_long": -1.546472, "met_lat": 53.611666667, "met_long": -1.666944444, "date_unix": 1461531600.0, "year": 2016.0, "o3": 39.51486}, "MY1": {"ws": 3.766666667, "wd": 216.4956062, "temp": 11.2, "RH": 79.97981584, "ssr": 12860.87342, "tp": 3.09e-07, "blh": 572.6651489000001, "tcc": 0.8530817, "sp": 100813.00834999999, "ap_lat": 51.52253, "ap_long": -0.154611, "met_lat": 51.479166667, "met_long": -0.450555556, "date_unix": 1463529600.0, "year": 2016.0, "o3": 13.77033}, "KC1": {"ws": 3.6, "wd": 216.5490121, "temp": 11.06666667, "RH": 80.41893748, "ssr": 6349.0903575, "tp": 3.3e-07, "blh": 566.1909777, "tcc": 0.8529748, "sp": 100814.7, "ap_lat": 51.52105, "ap_long": -0.213492, "met_lat": 51.479166667, "met_long": -0.450555556, "date_unix": 1483039800.0, "year": 2016.0, "o3": 43.40648}}