{"BIRR": {"ws": 3.35, "wd": 208.35102, "temp": 10.5, "RH": 84.29082334, "ssr": 11266.073, "tp": 7.95e-07, "blh": 577.3230199, "tcc": 0.876153999, "sp": 100461.0916, "ap_lat": 52.47614, "ap_long": -1.874978, "met_lat": 52.453889, "met_long": -1.748056, "date_unix": 1560814200.0, "year": 2019.0, "o3": 36.02239}, "BRS8": {"ws": 4.6, "wd": 210.0, "temp": 10.0, "RH": 87.42892162, "ssr": 8979.270413, "tp": 1.26e-06, "blh": 576.2461331, "tcc": 0.861474372, "sp": 100612.5997, "ap_lat": 51.462839, "ap_long": -2.584482, "met_lat": 51.382778, "met_long": -2.719167, "date_unix": 1473094800.0, "year": 2016.0, "o3": 47.74712}, "LEED": {"ws": 4.35, "wd": 234.1358015, "temp": 9.0, "RH": 87.51706178, "ssr": 18139.79369, "tp": 2.84e-06, "blh": 601.3163296, "tcc": 0.881052294, "sp": 99717.07195499999, "ap_lat": 53.80378, "ap_long": -1.546472, "met_lat": 53.611666667, "met_long": -1.666944444, "date_unix": 1462379400.0, "year": 2016.0, "o3": 39.51486}, "MY1": {"ws": 3.766666667, "wd": 216.7459766, "temp": 11.53333333, "RH": 79.80079666, "ssr": 14758.78, "tp": 3.3e-07, "blh": 577.6601, "tcc": 0.848458, "sp": 100811.1, "ap_lat": 51.52253, "ap_long": -0.154611, "met_lat": 51.479166667, "met_long": -0.450555556, "date_unix": 1461133800.0, "year": 2016.0, "o3": 13.9699}, "KC1": {"ws": 3.766666667, "wd": 216.5932168, "temp": 11.3, "RH": 80.07435164, "ssr": 11768.736235, "tp": 3.09e-07, "blh": 571.74, "tcc": 0.8482139, "sp": 100815.0, "ap_lat": 51.52105, "ap_long": -0.213492, "met_lat": 51.479166667, "met_long": -0.450555556, "date_unix": 1474237800.0, "year": 2016.0, "o3": 43.9054}}